sku_id,discount,orders_num,ds
283,0.0,,20240101
283,0.0,,20240102
283,0.0,,20240103
283,0.0,,20240104
283,0.0,,20240105
283,0.01,,20240106
283,0.0,,20240107
283,0.0,,20240108
283,0.0,,20240109
283,0.0,,20240110
283,0.0,,20240111
283,0.0,,20240112
283,0.0,,20240113
283,0.0,,20240114
393,0.0,,20240103
393,0.01,,20240104
393,0.0,,20240105
393,0.01,,20240106
393,0.0,,20240107
393,0.0,,20240108
393,0.0,,20240109
393,0.0,,20240110
393,0.0,,20240111
393,0.01,,20240112
393,0.0,,20240113
393,0.0,,20240114
235,0.01,,20240101
235,0.01,,20240102
235,0.01,,20240103
235,0.01,,20240104
235,0.01,,20240105
235,0.02,,20240106
235,0.01,,20240107
235,0.01,,20240108
235,0.01,,20240109
235,0.01,,20240110
235,0.01,,20240111
235,0.01,,20240112
235,0.01,,20240113
235,0.01,,20240114
215,0.0,,20240101
215,0.01,,20240102
215,0.01,,20240103
215,0.01,,20240104
215,0.01,,20240105
215,0.01,,20240107
215,0.01,,20240108
215,0.01,,20240109
215,0.01,,20240111
215,0.01,,20240113
215,0.01,,20240114
43,0.03,,20240101
43,0.03,,20240102
43,0.03,,20240103
43,0.02,,20240104
43,0.03,,20240105
43,0.03,,20240106
43,0.03,,20240107
43,0.03,,20240108
43,0.03,,20240109
43,0.03,,20240110
43,0.03,,20240111
43,0.03,,20240112
43,0.03,,20240113
43,0.03,,20240114
206,0.03,,20240101
206,0.01,,20240102
206,0.02,,20240103
206,0.02,,20240104
206,0.02,,20240105
206,0.02,,20240106
206,0.01,,20240107
206,0.03,,20240108
206,0.01,,20240109
206,0.03,,20240111
206,0.02,,20240112
206,0.02,,20240113
206,0.01,,20240114
245,0.01,,20240101
245,0.01,,20240102
245,0.01,,20240103
245,0.01,,20240104
245,0.01,,20240105
245,0.01,,20240106
245,0.01,,20240107
245,0.01,,20240108
245,0.01,,20240109
245,0.01,,20240110
245,0.01,,20240111
245,0.01,,20240112
245,0.01,,20240113
24,0.01,,20240102
24,0.01,,20240103
24,0.01,,20240104
24,0.01,,20240105
24,0.01,,20240106
24,0.01,,20240107
24,0.01,,20240108
24,0.01,,20240109
24,0.01,,20240110
24,0.01,,20240111
24,0.02,,20240112
24,0.01,,20240113
24,0.01,,20240114
248,0.03,,20240101
248,0.03,,20240102
248,0.03,,20240103
248,0.04,,20240104
248,0.03,,20240105
248,0.03,,20240106
248,0.03,,20240107
248,0.04,,20240108
248,0.04,,20240109
248,0.04,,20240110
248,0.03,,20240111
248,0.04,,20240112
248,0.04,,20240113
248,0.03,,20240114
217,0.0,,20240101
217,0.0,,20240102
217,0.02,,20240103
217,0.01,,20240104
217,0.0,,20240105
217,0.0,,20240106
217,0.0,,20240107
217,0.0,,20240108
217,0.0,,20240109
217,0.0,,20240110
217,0.0,,20240112
217,0.0,,20240113
217,0.01,,20240114
100,0.0,,20240101
100,0.0,,20240102
100,0.01,,20240103
100,0.04,,20240104
100,0.01,,20240105
100,0.02,,20240106
100,0.02,,20240107
100,0.01,,20240108
100,0.02,,20240109
100,0.02,,20240110
100,0.02,,20240111
100,0.02,,20240112
100,0.01,,20240113
100,0.02,,20240114
136,0.02,,20240102
136,0.02,,20240103
136,0.02,,20240104
136,0.02,,20240105
136,0.02,,20240106
136,0.02,,20240107
136,0.02,,20240108
136,0.02,,20240109
136,0.02,,20240110
136,0.02,,20240111
136,0.02,,20240112
136,0.02,,20240113
136,0.02,,20240114
88,0.01,,20240101
88,0.01,,20240102
88,0.01,,20240103
88,0.01,,20240104
88,0.01,,20240105
88,0.01,,20240106
88,0.01,,20240107
88,0.01,,20240108
88,0.01,,20240109
88,0.01,,20240110
88,0.01,,20240112
88,0.01,,20240113
88,0.01,,20240114
355,0.01,,20240102
355,0.01,,20240103
355,0.0,,20240104
355,0.01,,20240105
355,0.01,,20240106
355,0.02,,20240107
355,0.01,,20240108
355,0.01,,20240109
355,0.01,,20240110
355,0.02,,20240111
355,0.02,,20240112
355,0.01,,20240113
355,0.01,,20240114
362,0.04,,20240101
362,0.04,,20240102
362,0.04,,20240103
362,0.03,,20240104
362,0.03,,20240105
362,0.03,,20240106
362,0.03,,20240107
362,0.03,,20240108
362,0.03,,20240109
362,0.03,,20240110
362,0.03,,20240111
362,0.03,,20240113
362,0.03,,20240114
265,0.01,,20240102
265,0.01,,20240103
265,0.01,,20240104
265,0.01,,20240105
265,0.01,,20240106
265,0.01,,20240107
265,0.01,,20240108
265,0.01,,20240109
265,0.01,,20240110
265,0.01,,20240111
265,0.01,,20240112
265,0.01,,20240113
265,0.01,,20240114
332,0.0,,20240101
332,0.01,,20240102
332,0.01,,20240103
332,0.0,,20240104
332,0.01,,20240105
332,0.0,,20240106
332,0.0,,20240108
332,0.0,,20240109
332,0.01,,20240110
332,0.01,,20240111
332,0.0,,20240112
332,0.01,,20240113
332,0.01,,20240114
177,0.02,,20240101
177,0.02,,20240102
177,0.02,,20240103
177,0.02,,20240104
177,0.02,,20240105
177,0.01,,20240106
177,0.02,,20240107
177,0.02,,20240108
177,0.02,,20240109
177,0.02,,20240110
177,0.02,,20240111
177,0.02,,20240112
177,0.02,,20240113
177,0.02,,20240114
5,0.01,,20240101
5,0.0,,20240102
5,0.01,,20240103
5,0.0,,20240104
5,0.01,,20240106
5,0.01,,20240107
5,0.0,,20240108
5,0.01,,20240109
5,0.0,,20240110
5,0.0,,20240111
5,0.0,,20240112
5,0.0,,20240113
5,0.0,,20240114
378,0.0,,20240101
378,0.0,,20240102
378,0.0,,20240103
378,0.01,,20240104
378,0.01,,20240105
378,0.02,,20240106
378,0.01,,20240107
378,0.01,,20240108
378,0.0,,20240109
378,0.01,,20240110
378,0.01,,20240111
378,0.0,,20240112
378,0.0,,20240113
378,0.01,,20240114
323,0.01,,20240101
323,0.02,,20240102
323,0.02,,20240103
323,0.01,,20240104
323,0.01,,20240105
323,0.01,,20240106
323,0.01,,20240107
323,0.01,,20240108
323,0.01,,20240109
323,0.01,,20240110
323,0.01,,20240111
323,0.01,,20240112
323,0.02,,20240113
323,0.01,,20240114
294,0.01,,20240101
294,0.01,,20240102
294,0.01,,20240103
294,0.01,,20240104
294,0.01,,20240105
294,0.01,,20240106
294,0.01,,20240107
294,0.01,,20240109
294,0.01,,20240110
294,0.01,,20240111
294,0.01,,20240112
294,0.01,,20240113
294,0.01,,20240114
363,0.01,,20240101
363,0.0,,20240102
363,0.01,,20240103
363,0.0,,20240104
363,0.01,,20240105
363,0.01,,20240106
363,0.0,,20240107
363,0.0,,20240108
363,0.01,,20240109
363,0.0,,20240110
363,0.0,,20240111
363,0.0,,20240112
363,0.0,,20240113
363,0.0,,20240114
211,0.0,,20240101
211,0.0,,20240102
211,0.0,,20240103
211,0.01,,20240104
211,0.01,,20240105
211,0.0,,20240106
211,0.0,,20240107
211,0.0,,20240108
211,0.0,,20240109
211,0.0,,20240110
211,0.01,,20240112
182,0.01,,20240101
182,0.01,,20240102
182,0.01,,20240103
182,0.01,,20240104
182,0.01,,20240105
182,0.01,,20240106
182,0.01,,20240107
182,0.01,,20240108
182,0.01,,20240110
182,0.01,,20240111
182,0.01,,20240112
182,0.01,,20240113
182,0.01,,20240114
246,0.01,,20240101
246,0.02,,20240102
246,0.01,,20240105
246,0.02,,20240107
246,0.01,,20240108
246,0.01,,20240109
246,0.01,,20240110
246,0.02,,20240111
246,0.01,,20240112
246,0.01,,20240113
246,0.01,,20240114
371,0.0,,20240101
371,0.0,,20240102
371,0.0,,20240104
371,0.01,,20240105
371,0.0,,20240106
371,0.0,,20240107
371,0.0,,20240108
371,0.0,,20240109
371,0.0,,20240110
371,0.0,,20240112
371,0.0,,20240114
30,0.0,,20240101
30,0.01,,20240102
30,0.0,,20240103
30,0.01,,20240104
30,0.0,,20240105
30,0.0,,20240107
30,0.01,,20240108
30,0.01,,20240109
30,0.01,,20240111
30,0.01,,20240112
30,0.01,,20240113
141,0.01,,20240101
141,0.01,,20240102
141,0.01,,20240103
141,0.01,,20240104
141,0.01,,20240105
141,0.01,,20240106
141,0.01,,20240107
141,0.01,,20240108
141,0.01,,20240109
141,0.01,,20240110
141,0.01,,20240111
141,0.01,,20240112
141,0.01,,20240113
141,0.01,,20240114
128,0.0,,20240101
128,0.01,,20240102
128,0.01,,20240103
128,0.0,,20240104
128,0.01,,20240105
128,0.0,,20240106
128,0.01,,20240107
128,0.01,,20240108
128,0.0,,20240109
128,0.0,,20240110
128,0.01,,20240111
128,0.01,,20240112
128,0.0,,20240113
128,0.0,,20240114
65,0.01,,20240102
65,0.01,,20240103
65,0.01,,20240104
65,0.01,,20240105
65,0.01,,20240106
65,0.01,,20240107
65,0.01,,20240108
65,0.01,,20240109
65,0.01,,20240110
65,0.01,,20240111
65,0.01,,20240113
65,0.01,,20240114
115,0.01,,20240101
115,0.01,,20240102
115,0.01,,20240103
115,0.01,,20240104
115,0.01,,20240105
115,0.01,,20240106
115,0.01,,20240107
115,0.01,,20240109
115,0.01,,20240110
115,0.01,,20240111
115,0.02,,20240112
115,0.01,,20240113
115,0.01,,20240114
214,0.01,,20240101
214,0.01,,20240102
214,0.0,,20240103
214,0.0,,20240104
214,0.0,,20240105
214,0.01,,20240106
214,0.01,,20240107
214,0.01,,20240108
214,0.0,,20240109
214,0.01,,20240110
214,0.02,,20240111
214,0.02,,20240112
214,0.02,,20240113
214,0.02,,20240114
297,0.03,,20240101
297,0.02,,20240104
297,0.03,,20240105
297,0.01,,20240106
297,0.02,,20240107
297,0.01,,20240109
297,0.01,,20240110
297,0.01,,20240111
297,0.01,,20240112
297,0.02,,20240113
297,0.02,,20240114
57,0.01,,20240101
57,0.02,,20240102
57,0.01,,20240103
57,0.0,,20240106
57,0.01,,20240107
57,0.0,,20240108
57,0.01,,20240109
57,0.01,,20240110
57,0.01,,20240111
57,0.01,,20240112
57,0.0,,20240113
158,0.02,,20240101
158,0.01,,20240102
158,0.01,,20240103
158,0.01,,20240104
158,0.01,,20240105
158,0.01,,20240107
158,0.02,,20240108
158,0.02,,20240110
158,0.02,,20240111
158,0.02,,20240112
158,0.01,,20240113
158,0.01,,20240114
66,0.0,,20240101
66,0.0,,20240102
66,0.01,,20240103
66,0.01,,20240104
66,0.01,,20240105
66,0.01,,20240106
66,0.01,,20240107
66,0.01,,20240108
66,0.01,,20240109
66,0.01,,20240110
66,0.01,,20240111
66,0.01,,20240112
66,0.01,,20240113
66,0.01,,20240114
314,0.01,,20240101
314,0.01,,20240102
314,0.01,,20240103
314,0.0,,20240104
314,0.01,,20240105
314,0.01,,20240107
314,0.0,,20240109
314,0.0,,20240110
314,0.0,,20240112
314,0.01,,20240113
314,0.0,,20240114
356,0.01,,20240101
356,0.01,,20240102
356,0.02,,20240103
356,0.01,,20240104
356,0.02,,20240106
356,0.01,,20240107
356,0.02,,20240108
356,0.01,,20240109
356,0.02,,20240110
356,0.02,,20240112
356,0.01,,20240113
356,0.02,,20240114
140,0.01,,20240101
140,0.01,,20240102
140,0.01,,20240103
140,0.01,,20240104
140,0.01,,20240105
140,0.01,,20240107
140,0.01,,20240108
140,0.01,,20240109
140,0.01,,20240110
140,0.01,,20240111
140,0.01,,20240112
140,0.01,,20240113
228,0.02,,20240101
228,0.02,,20240102
228,0.02,,20240103
228,0.02,,20240104
228,0.02,,20240105
228,0.02,,20240106
228,0.02,,20240107
228,0.02,,20240108
228,0.02,,20240109
228,0.02,,20240110
228,0.02,,20240111
228,0.02,,20240112
228,0.02,,20240113
228,0.02,,20240114
129,0.02,,20240101
129,0.01,,20240102
129,0.02,,20240103
129,0.02,,20240104
129,0.02,,20240105
129,0.01,,20240106
129,0.02,,20240107
129,0.01,,20240108
129,0.02,,20240109
129,0.01,,20240110
129,0.02,,20240111
129,0.01,,20240112
129,0.02,,20240113
129,0.01,,20240114
13,0.02,,20240101
13,0.03,,20240102
13,0.03,,20240103
13,0.02,,20240104
13,0.02,,20240105
13,0.03,,20240106
13,0.02,,20240107
13,0.03,,20240108
13,0.03,,20240109
13,0.03,,20240110
13,0.03,,20240111
13,0.03,,20240112
13,0.03,,20240113
13,0.03,,20240114
111,0.01,,20240101
111,0.0,,20240102
111,0.0,,20240103
111,0.01,,20240104
111,0.01,,20240105
111,0.01,,20240106
111,0.0,,20240108
111,0.01,,20240110
111,0.02,,20240111
111,0.0,,20240112
111,0.01,,20240113
111,0.01,,20240114
321,0.01,,20240101
321,0.01,,20240102
321,0.01,,20240103
321,0.0,,20240104
321,0.01,,20240105
321,0.01,,20240106
321,0.01,,20240107
321,0.01,,20240108
321,0.01,,20240109
321,0.01,,20240110
321,0.01,,20240111
321,0.0,,20240112
321,0.01,,20240114
233,0.02,,20240101
233,0.01,,20240104
233,0.01,,20240105
233,0.01,,20240106
233,0.01,,20240107
233,0.01,,20240108
233,0.01,,20240109
233,0.01,,20240110
233,0.01,,20240112
233,0.01,,20240113
233,0.01,,20240114
296,0.0,,20240101
296,0.01,,20240102
296,0.0,,20240103
296,0.0,,20240104
296,0.01,,20240105
296,0.01,,20240106
296,0.01,,20240107
296,0.0,,20240109
296,0.0,,20240110
296,0.0,,20240111
296,0.0,,20240112
296,0.0,,20240113
296,0.0,,20240114
132,0.01,,20240101
132,0.01,,20240102
132,0.02,,20240103
132,0.0,,20240104
132,0.01,,20240105
132,0.01,,20240106
132,0.01,,20240107
132,0.01,,20240108
132,0.01,,20240109
132,0.01,,20240110
132,0.0,,20240111
132,0.01,,20240112
132,0.0,,20240114
313,0.01,,20240101
313,0.01,,20240102
313,0.01,,20240103
313,0.01,,20240104
313,0.01,,20240105
313,0.01,,20240106
313,0.01,,20240107
313,0.01,,20240108
313,0.01,,20240109
313,0.01,,20240111
313,0.01,,20240112
313,0.01,,20240114
117,0.02,,20240103
117,0.02,,20240104
117,0.02,,20240105
117,0.02,,20240106
117,0.02,,20240107
117,0.02,,20240108
117,0.02,,20240109
117,0.02,,20240110
117,0.02,,20240111
117,0.02,,20240113
10,0.01,,20240102
10,0.01,,20240104
10,0.02,,20240106
10,0.02,,20240107
10,0.02,,20240109
10,0.02,,20240110
10,0.01,,20240111
10,0.01,,20240114
174,0.01,,20240101
174,0.01,,20240102
174,0.02,,20240103
174,0.01,,20240104
174,0.02,,20240105
174,0.01,,20240106
174,0.01,,20240107
174,0.02,,20240108
174,0.02,,20240110
174,0.01,,20240111
174,0.01,,20240112
174,0.01,,20240113
174,0.01,,20240114
278,0.01,,20240101
278,0.01,,20240102
278,0.01,,20240103
278,0.01,,20240104
278,0.01,,20240105
278,0.01,,20240107
278,0.01,,20240108
278,0.01,,20240109
278,0.01,,20240110
278,0.01,,20240111
278,0.01,,20240113
278,0.01,,20240114
14,0.01,,20240102
14,0.01,,20240103
14,0.01,,20240105
14,0.02,,20240106
14,0.01,,20240107
14,0.01,,20240108
14,0.02,,20240109
14,0.02,,20240110
14,0.02,,20240111
14,0.02,,20240112
14,0.01,,20240113
14,0.02,,20240114
229,0.0,,20240101
229,0.0,,20240102
229,0.0,,20240103
229,0.0,,20240104
229,0.0,,20240105
229,0.0,,20240106
229,0.0,,20240107
229,0.0,,20240108
229,0.0,,20240110
229,0.0,,20240111
229,0.0,,20240112
229,0.0,,20240113
305,0.02,,20240101
305,0.02,,20240102
305,0.02,,20240103
305,0.01,,20240104
305,0.02,,20240105
305,0.02,,20240106
305,0.02,,20240107
305,0.02,,20240108
305,0.02,,20240109
305,0.01,,20240111
305,0.02,,20240112
305,0.01,,20240113
305,0.01,,20240114
42,0.0,,20240101
42,0.0,,20240102
42,0.01,,20240103
42,0.0,,20240104
42,0.0,,20240105
42,0.01,,20240108
42,0.0,,20240109
42,0.0,,20240110
42,0.0,,20240111
42,0.01,,20240112
42,0.0,,20240113
42,0.0,,20240114
210,0.03,,20240101
210,0.02,,20240102
210,0.01,,20240103
210,0.02,,20240104
210,0.05,,20240105
210,0.01,,20240106
210,0.02,,20240108
210,0.02,,20240109
210,0.02,,20240110
210,0.01,,20240112
210,0.01,,20240113
210,0.0,,20240114
60,0.0,,20240101
60,0.0,,20240102
60,0.0,,20240106
60,0.01,,20240107
60,0.0,,20240108
60,0.0,,20240109
60,0.01,,20240110
60,0.01,,20240111
60,0.0,,20240112
60,0.0,,20240113
60,0.0,,20240114
264,0.01,,20240101
264,0.01,,20240102
264,0.01,,20240103
264,0.01,,20240104
264,0.01,,20240105
264,0.01,,20240106
264,0.01,,20240107
264,0.01,,20240108
264,0.01,,20240109
264,0.01,,20240111
264,0.01,,20240112
264,0.01,,20240113
264,0.01,,20240114
352,0.01,,20240101
352,0.01,,20240102
352,0.01,,20240103
352,0.01,,20240106
352,0.01,,20240107
352,0.01,,20240108
352,0.01,,20240109
352,0.01,,20240110
352,0.01,,20240111
352,0.01,,20240112
352,0.01,,20240113
352,0.01,,20240114
301,0.02,,20240101
301,0.02,,20240102
301,0.03,,20240103
301,0.02,,20240104
301,0.02,,20240105
301,0.02,,20240106
301,0.02,,20240108
301,0.02,,20240109
301,0.02,,20240110
301,0.02,,20240111
301,0.03,,20240112
301,0.02,,20240113
301,0.02,,20240114
110,0.0,,20240101
110,0.01,,20240102
110,0.01,,20240103
110,0.02,,20240105
110,0.01,,20240107
110,0.02,,20240108
110,0.01,,20240109
110,0.01,,20240110
110,0.0,,20240111
110,0.01,,20240112
110,0.01,,20240113
110,0.01,,20240114
388,0.01,,20240101
388,0.01,,20240102
388,0.01,,20240103
388,0.01,,20240104
388,0.01,,20240105
388,0.01,,20240106
388,0.01,,20240107
388,0.01,,20240108
388,0.01,,20240109
388,0.01,,20240110
388,0.01,,20240111
388,0.01,,20240112
388,0.01,,20240113
357,0.02,,20240101
357,0.02,,20240103
357,0.02,,20240104
357,0.02,,20240105
357,0.02,,20240106
357,0.02,,20240107
357,0.02,,20240108
357,0.02,,20240109
357,0.02,,20240110
357,0.02,,20240111
357,0.02,,20240112
357,0.02,,20240113
357,0.02,,20240114
319,0.01,,20240101
319,0.01,,20240102
319,0.01,,20240103
319,0.01,,20240104
319,0.01,,20240105
319,0.01,,20240106
319,0.01,,20240107
319,0.02,,20240108
319,0.01,,20240109
319,0.01,,20240110
319,0.02,,20240112
319,0.01,,20240113
319,0.01,,20240114
44,0.01,,20240101
44,0.0,,20240102
44,0.01,,20240103
44,0.01,,20240104
44,0.01,,20240105
44,0.01,,20240106
44,0.01,,20240108
44,0.01,,20240110
44,0.01,,20240111
44,0.01,,20240112
44,0.01,,20240113
44,0.0,,20240114
97,0.01,,20240101
97,0.01,,20240103
97,0.01,,20240104
97,0.01,,20240105
97,0.0,,20240106
97,0.01,,20240107
97,0.02,,20240108
97,0.0,,20240109
97,0.01,,20240110
97,0.02,,20240111
97,0.01,,20240112
97,0.01,,20240113
97,0.02,,20240114
289,0.02,,20240101
289,0.01,,20240102
289,0.01,,20240103
289,0.01,,20240104
289,0.01,,20240105
289,0.01,,20240106
289,0.01,,20240107
289,0.01,,20240109
289,0.01,,20240110
289,0.01,,20240111
289,0.01,,20240112
289,0.01,,20240113
289,0.01,,20240114
41,0.01,,20240101
41,0.01,,20240102
41,0.01,,20240103
41,0.01,,20240105
41,0.01,,20240106
41,0.01,,20240107
41,0.01,,20240108
41,0.01,,20240109
41,0.01,,20240110
41,0.01,,20240111
41,0.01,,20240112
41,0.01,,20240113
41,0.01,,20240114
227,0.01,,20240101
227,0.01,,20240102
227,0.01,,20240103
227,0.01,,20240104
227,0.01,,20240105
227,0.01,,20240106
227,0.01,,20240107
227,0.01,,20240108
227,0.01,,20240109
227,0.01,,20240110
227,0.01,,20240111
227,0.01,,20240112
227,0.01,,20240114
3,0.01,,20240101
3,0.01,,20240102
3,0.02,,20240103
3,0.01,,20240105
3,0.01,,20240106
3,0.01,,20240107
3,0.02,,20240108
3,0.01,,20240110
3,0.01,,20240111
3,0.01,,20240112
3,0.01,,20240113
3,0.02,,20240114
31,0.01,,20240101
31,0.02,,20240102
31,0.01,,20240103
31,0.02,,20240104
31,0.01,,20240105
31,0.02,,20240106
31,0.02,,20240107
31,0.01,,20240108
31,0.02,,20240109
31,0.01,,20240111
31,0.01,,20240112
31,0.01,,20240113
31,0.01,,20240114
157,0.01,,20240101
157,0.0,,20240103
157,0.0,,20240104
157,0.01,,20240105
157,0.0,,20240106
157,0.0,,20240107
157,0.0,,20240108
157,0.0,,20240110
157,0.0,,20240111
157,0.0,,20240112
157,0.0,,20240113
157,0.0,,20240114
193,0.01,,20240101
193,0.0,,20240102
193,0.01,,20240103
193,0.01,,20240104
193,0.01,,20240105
193,0.02,,20240106
193,0.01,,20240107
193,0.02,,20240108
193,0.01,,20240109
193,0.01,,20240110
193,0.02,,20240111
193,0.01,,20240112
193,0.01,,20240113
193,0.0,,20240114
58,0.0,,20240101
58,0.02,,20240102
58,0.02,,20240103
58,0.02,,20240104
58,0.01,,20240105
58,0.01,,20240106
58,0.0,,20240107
58,0.01,,20240108
58,0.0,,20240109
58,0.01,,20240111
58,0.0,,20240112
58,0.0,,20240113
58,0.0,,20240114
331,0.0,,20240102
331,0.0,,20240103
331,0.0,,20240104
331,0.0,,20240107
331,0.01,,20240108
331,0.0,,20240109
331,0.0,,20240111
331,0.0,,20240112
331,0.0,,20240113
331,0.01,,20240114
401,0.01,,20240101
401,0.01,,20240102
401,0.01,,20240103
401,0.01,,20240104
401,0.01,,20240105
401,0.01,,20240106
401,0.01,,20240107
401,0.01,,20240108
401,0.01,,20240109
401,0.01,,20240110
401,0.01,,20240111
401,0.01,,20240112
401,0.01,,20240114
105,0.0,,20240101
105,0.01,,20240102
105,0.0,,20240103
105,0.01,,20240104
105,0.01,,20240105
105,0.01,,20240107
105,0.01,,20240108
105,0.01,,20240109
105,0.01,,20240110
105,0.0,,20240111
105,0.01,,20240112
105,0.0,,20240113
105,0.01,,20240114
89,0.01,,20240101
89,0.01,,20240102
89,0.01,,20240103
89,0.01,,20240105
89,0.01,,20240107
89,0.01,,20240108
89,0.01,,20240110
89,0.01,,20240111
89,0.01,,20240112
89,0.01,,20240114
385,0.0,,20240101
385,0.01,,20240102
385,0.01,,20240103
385,0.01,,20240104
385,0.0,,20240105
385,0.01,,20240106
385,0.01,,20240107
385,0.01,,20240108
385,0.01,,20240109
385,0.01,,20240110
385,0.01,,20240111
385,0.01,,20240112
385,0.01,,20240113
385,0.01,,20240114
82,0.02,,20240101
82,0.02,,20240102
82,0.02,,20240103
82,0.02,,20240104
82,0.02,,20240105
82,0.02,,20240106
82,0.02,,20240107
82,0.02,,20240108
82,0.02,,20240109
82,0.03,,20240110
82,0.03,,20240111
82,0.02,,20240112
82,0.02,,20240113
82,0.02,,20240114
255,0.02,,20240101
255,0.03,,20240102
255,0.02,,20240103
255,0.02,,20240104
255,0.02,,20240105
255,0.02,,20240106
255,0.02,,20240107
255,0.03,,20240108
255,0.03,,20240109
255,0.02,,20240110
255,0.03,,20240111
255,0.02,,20240112
255,0.02,,20240114
333,0.01,,20240101
333,0.0,,20240103
333,0.01,,20240104
333,0.0,,20240105
333,0.01,,20240106
333,0.01,,20240107
333,0.0,,20240108
333,0.01,,20240109
333,0.0,,20240110
333,0.0,,20240111
333,0.0,,20240112
333,0.0,,20240113
47,0.0,,20240101
47,0.0,,20240102
47,0.0,,20240104
47,0.0,,20240105
47,0.0,,20240106
47,0.0,,20240107
47,0.0,,20240108
47,0.0,,20240109
47,0.0,,20240110
47,0.0,,20240111
47,0.0,,20240114
20,0.01,,20240101
20,0.01,,20240102
20,0.01,,20240103
20,0.01,,20240104
20,0.01,,20240105
20,0.01,,20240106
20,0.01,,20240107
20,0.01,,20240108
20,0.01,,20240109
20,0.01,,20240110
20,0.01,,20240111
20,0.01,,20240112
20,0.01,,20240113
20,0.01,,20240114
398,0.01,,20240101
398,0.01,,20240103
398,0.01,,20240104
398,0.01,,20240105
398,0.01,,20240106
398,0.01,,20240107
398,0.01,,20240108
398,0.01,,20240109
398,0.01,,20240110
398,0.01,,20240111
398,0.01,,20240112
398,0.01,,20240113
398,0.01,,20240114
61,0.02,,20240101
61,0.02,,20240102
61,0.02,,20240103
61,0.01,,20240104
61,0.02,,20240106
61,0.02,,20240107
61,0.02,,20240108
61,0.02,,20240109
61,0.01,,20240110
61,0.02,,20240111
61,0.02,,20240112
61,0.02,,20240113
61,0.02,,20240114
256,0.01,,20240103
256,0.0,,20240104
256,0.01,,20240107
256,0.01,,20240109
256,0.01,,20240110
256,0.0,,20240112
256,0.0,,20240113
256,0.01,,20240114
131,0.01,,20240101
131,0.01,,20240102
131,0.01,,20240103
131,0.01,,20240104
131,0.01,,20240105
131,0.01,,20240106
131,0.01,,20240107
131,0.01,,20240108
131,0.01,,20240109
131,0.01,,20240110
131,0.01,,20240111
131,0.01,,20240112
131,0.01,,20240113
131,0.01,,20240114
252,0.01,,20240101
252,0.01,,20240102
252,0.01,,20240103
252,0.0,,20240104
252,0.01,,20240105
252,0.0,,20240107
252,0.01,,20240108
252,0.01,,20240109
252,0.01,,20240110
252,0.01,,20240111
252,0.01,,20240112
252,0.01,,20240113
178,0.0,,20240101
178,0.01,,20240102
178,0.01,,20240103
178,0.01,,20240105
178,0.0,,20240106
178,0.01,,20240107
178,0.01,,20240108
178,0.01,,20240109
178,0.0,,20240110
178,0.0,,20240111
178,0.01,,20240112
178,0.01,,20240113
178,0.01,,20240114
118,0.03,,20240101
118,0.01,,20240102
118,0.01,,20240103
118,0.01,,20240104
118,0.01,,20240105
118,0.01,,20240106
118,0.01,,20240107
118,0.01,,20240108
118,0.01,,20240109
118,0.01,,20240110
118,0.01,,20240111
118,0.01,,20240112
118,0.01,,20240113
118,0.01,,20240114
209,0.01,,20240101
209,0.01,,20240102
209,0.02,,20240103
209,0.01,,20240104
209,0.01,,20240105
209,0.01,,20240106
209,0.01,,20240107
209,0.01,,20240108
209,0.01,,20240109
209,0.02,,20240110
209,0.01,,20240111
209,0.01,,20240112
209,0.01,,20240113
209,0.01,,20240114
392,0.02,,20240101
392,0.01,,20240102
392,0.03,,20240103
392,0.02,,20240104
392,0.02,,20240105
392,0.02,,20240106
392,0.02,,20240107
392,0.02,,20240108
392,0.01,,20240109
392,0.02,,20240110
392,0.02,,20240111
392,0.02,,20240112
392,0.02,,20240113
392,0.02,,20240114
123,0.03,,20240101
123,0.03,,20240102
123,0.03,,20240103
123,0.03,,20240104
123,0.03,,20240105
123,0.03,,20240106
123,0.03,,20240107
123,0.03,,20240109
123,0.03,,20240110
123,0.03,,20240111
123,0.03,,20240112
123,0.03,,20240113
123,0.03,,20240114
144,0.01,,20240101
144,0.01,,20240102
144,0.01,,20240103
144,0.01,,20240104
144,0.0,,20240105
144,0.01,,20240106
144,0.01,,20240108
144,0.01,,20240109
144,0.01,,20240110
144,0.01,,20240111
144,0.01,,20240112
144,0.01,,20240114
59,0.02,,20240101
59,0.01,,20240102
59,0.01,,20240103
59,0.02,,20240104
59,0.01,,20240106
59,0.01,,20240108
59,0.01,,20240109
59,0.01,,20240110
59,0.01,,20240111
59,0.01,,20240112
59,0.0,,20240113
59,0.01,,20240114
191,0.01,,20240101
191,0.01,,20240102
191,0.01,,20240104
191,0.01,,20240105
191,0.01,,20240106
191,0.01,,20240107
191,0.01,,20240108
191,0.01,,20240109
191,0.01,,20240110
191,0.01,,20240111
191,0.01,,20240112
191,0.01,,20240113
191,0.01,,20240114
125,0.01,,20240101
125,0.01,,20240102
125,0.01,,20240103
125,0.01,,20240104
125,0.01,,20240105
125,0.01,,20240106
125,0.01,,20240107
125,0.01,,20240109
125,0.01,,20240110
125,0.01,,20240111
125,0.01,,20240112
125,0.01,,20240113
125,0.01,,20240114
166,0.02,,20240101
166,0.02,,20240102
166,0.02,,20240103
166,0.02,,20240104
166,0.02,,20240105
166,0.02,,20240106
166,0.02,,20240107
166,0.02,,20240108
166,0.02,,20240110
166,0.02,,20240111
166,0.02,,20240112
166,0.03,,20240113
166,0.02,,20240114
391,0.01,,20240101
391,0.01,,20240102
391,0.0,,20240103
391,0.01,,20240104
391,0.01,,20240105
391,0.01,,20240106
391,0.0,,20240107
391,0.01,,20240108
391,0.0,,20240109
391,0.0,,20240110
391,0.01,,20240111
391,0.01,,20240112
391,0.0,,20240113
391,0.01,,20240114
219,0.02,,20240101
219,0.0,,20240102
219,0.01,,20240103
219,0.0,,20240104
219,0.0,,20240106
219,0.0,,20240107
219,0.0,,20240108
219,0.0,,20240109
219,0.0,,20240111
219,0.0,,20240112
219,0.01,,20240113
219,0.0,,20240114
22,0.03,,20240101
22,0.02,,20240102
22,0.02,,20240103
22,0.02,,20240104
22,0.02,,20240105
22,0.03,,20240106
22,0.02,,20240107
22,0.03,,20240108
22,0.03,,20240109
22,0.03,,20240110
22,0.03,,20240112
22,0.02,,20240113
22,0.03,,20240114
4,0.03,,20240101
4,0.03,,20240102
4,0.03,,20240103
4,0.03,,20240104
4,0.03,,20240105
4,0.03,,20240106
4,0.03,,20240107
4,0.03,,20240108
4,0.03,,20240109
4,0.03,,20240110
4,0.03,,20240111
4,0.03,,20240112
4,0.03,,20240114
259,0.01,,20240101
259,0.01,,20240102
259,0.01,,20240103
259,0.01,,20240104
259,0.01,,20240105
259,0.01,,20240106
259,0.01,,20240107
259,0.01,,20240108
259,0.01,,20240109
259,0.01,,20240110
259,0.01,,20240111
259,0.01,,20240112
259,0.01,,20240113
259,0.01,,20240114
16,0.02,,20240101
16,0.02,,20240102
16,0.02,,20240103
16,0.02,,20240105
16,0.01,,20240106
16,0.01,,20240107
16,0.01,,20240108
16,0.0,,20240109
16,0.02,,20240110
16,0.01,,20240111
16,0.01,,20240112
16,0.02,,20240113
16,0.01,,20240114
282,0.0,,20240101
282,0.0,,20240102
282,0.0,,20240103
282,0.0,,20240104
282,0.0,,20240105
282,0.0,,20240107
282,0.0,,20240108
282,0.0,,20240109
282,0.0,,20240110
282,0.01,,20240111
282,0.01,,20240112
282,0.01,,20240113
282,0.0,,20240114
303,0.0,,20240101
303,0.0,,20240102
303,0.0,,20240103
303,0.01,,20240104
303,0.0,,20240105
303,0.0,,20240106
303,0.01,,20240108
303,0.0,,20240109
303,0.0,,20240110
303,0.01,,20240111
303,0.0,,20240112
303,0.01,,20240114
224,0.01,,20240101
224,0.01,,20240102
224,0.01,,20240103
224,0.01,,20240104
224,0.01,,20240105
224,0.01,,20240106
224,0.01,,20240107
224,0.01,,20240108
224,0.01,,20240109
224,0.01,,20240110
224,0.01,,20240111
224,0.01,,20240113
224,0.01,,20240114
92,0.02,,20240101
92,0.01,,20240102
92,0.01,,20240103
92,0.01,,20240104
92,0.0,,20240105
92,0.0,,20240108
92,0.0,,20240109
92,0.03,,20240110
92,0.02,,20240111
92,0.0,,20240112
92,0.0,,20240113
92,0.02,,20240114
21,0.03,,20240101
21,0.03,,20240102
21,0.03,,20240103
21,0.03,,20240104
21,0.03,,20240105
21,0.03,,20240106
21,0.03,,20240107
21,0.03,,20240108
21,0.02,,20240109
21,0.03,,20240111
21,0.03,,20240112
21,0.03,,20240114
25,0.01,,20240101
25,0.01,,20240102
25,0.01,,20240103
25,0.01,,20240104
25,0.01,,20240105
25,0.01,,20240107
25,0.01,,20240108
25,0.01,,20240109
25,0.01,,20240110
25,0.01,,20240111
25,0.01,,20240113
25,0.01,,20240114
318,0.01,,20240101
318,0.01,,20240102
318,0.01,,20240103
318,0.01,,20240104
318,0.01,,20240105
318,0.01,,20240106
318,0.01,,20240107
318,0.01,,20240108
318,0.01,,20240109
318,0.01,,20240110
318,0.01,,20240112
318,0.01,,20240113
318,0.01,,20240114
67,0.0,,20240101
67,0.0,,20240102
67,0.01,,20240103
67,0.01,,20240104
67,0.0,,20240105
67,0.0,,20240106
67,0.01,,20240107
67,0.0,,20240108
67,0.0,,20240109
67,0.0,,20240110
67,0.0,,20240111
67,0.0,,20240112
67,0.0,,20240113
67,0.0,,20240114
2,0.02,,20240101
2,0.03,,20240102
2,0.02,,20240103
2,0.02,,20240104
2,0.03,,20240105
2,0.01,,20240106
2,0.01,,20240107
2,0.02,,20240108
2,0.01,,20240109
2,0.02,,20240110
2,0.02,,20240111
2,0.02,,20240112
2,0.02,,20240113
2,0.01,,20240114
120,0.01,,20240101
120,0.01,,20240102
120,0.01,,20240103
120,0.01,,20240104
120,0.01,,20240105
120,0.0,,20240106
120,0.0,,20240107
120,0.01,,20240108
120,0.01,,20240109
120,0.01,,20240110
120,0.01,,20240111
120,0.01,,20240113
120,0.0,,20240114
33,0.0,,20240101
33,0.0,,20240103
33,0.01,,20240104
33,0.01,,20240105
33,0.01,,20240106
33,0.01,,20240107
33,0.0,,20240108
33,0.0,,20240109
33,0.0,,20240110
33,0.0,,20240111
33,0.0,,20240112
33,0.0,,20240113
33,0.01,,20240114
165,0.0,,20240101
165,0.02,,20240102
165,0.0,,20240103
165,0.01,,20240104
165,0.01,,20240105
165,0.01,,20240106
165,0.0,,20240107
165,0.01,,20240109
165,0.0,,20240110
165,0.0,,20240112
165,0.0,,20240113
165,0.0,,20240114
86,0.01,,20240101
86,0.02,,20240103
86,0.02,,20240104
86,0.01,,20240105
86,0.01,,20240107
86,0.02,,20240108
86,0.01,,20240109
86,0.02,,20240110
86,0.01,,20240111
86,0.02,,20240112
86,0.02,,20240113
86,0.01,,20240114
364,0.0,,20240101
364,0.0,,20240102
364,0.0,,20240103
364,0.01,,20240104
364,0.0,,20240106
364,0.0,,20240107
364,0.01,,20240108
364,0.0,,20240109
364,0.0,,20240110
364,0.01,,20240111
364,0.0,,20240112
364,0.0,,20240113
364,0.0,,20240114
325,0.01,,20240101
325,0.01,,20240102
325,0.01,,20240103
325,0.02,,20240104
325,0.02,,20240105
325,0.01,,20240106
325,0.01,,20240107
325,0.01,,20240108
325,0.02,,20240109
325,0.01,,20240110
325,0.01,,20240111
325,0.01,,20240112
325,0.01,,20240113
325,0.01,,20240114
35,0.0,,20240101
35,0.01,,20240102
35,0.0,,20240103
35,0.0,,20240104
35,0.0,,20240105
35,0.01,,20240106
35,0.0,,20240107
35,0.0,,20240108
35,0.01,,20240109
35,0.0,,20240110
35,0.0,,20240111
35,0.0,,20240112
35,0.0,,20240113
35,0.0,,20240114
146,0.02,,20240101
146,0.02,,20240102
146,0.03,,20240103
146,0.02,,20240104
146,0.02,,20240105
146,0.02,,20240106
146,0.02,,20240107
146,0.02,,20240109
146,0.02,,20240110
146,0.02,,20240111
146,0.02,,20240112
40,0.01,,20240101
40,0.01,,20240102
40,0.01,,20240103
40,0.01,,20240104
40,0.01,,20240105
40,0.01,,20240106
40,0.03,,20240107
40,0.01,,20240108
40,0.01,,20240109
40,0.01,,20240110
40,0.02,,20240111
40,0.02,,20240112
40,0.01,,20240113
40,0.01,,20240114
12,0.0,,20240101
12,0.0,,20240102
12,0.0,,20240103
12,0.0,,20240104
12,0.0,,20240105
12,0.0,,20240106
12,0.0,,20240107
12,0.0,,20240108
12,0.0,,20240110
12,0.0,,20240111
12,0.0,,20240112
12,0.0,,20240113
12,0.0,,20240114
312,0.01,,20240101
312,0.01,,20240102
312,0.0,,20240103
312,0.01,,20240104
312,0.0,,20240106
312,0.0,,20240107
312,0.0,,20240108
312,0.0,,20240109
312,0.01,,20240110
312,0.0,,20240111
312,0.0,,20240113
312,0.0,,20240114
221,0.0,,20240101
221,0.0,,20240102
221,0.0,,20240103
221,0.0,,20240104
221,0.0,,20240105
221,0.0,,20240106
221,0.0,,20240107
221,0.0,,20240108
221,0.0,,20240109
221,0.0,,20240110
221,0.0,,20240111
221,0.0,,20240112
221,0.0,,20240113
221,0.0,,20240114
34,0.01,,20240101
34,0.01,,20240102
34,0.01,,20240103
34,0.0,,20240104
34,0.01,,20240105
34,0.01,,20240106
34,0.01,,20240107
34,0.01,,20240108
34,0.01,,20240110
34,0.01,,20240111
34,0.0,,20240112
34,0.0,,20240114
162,0.01,,20240101
162,0.01,,20240102
162,0.01,,20240103
162,0.01,,20240104
162,0.01,,20240105
162,0.01,,20240106
162,0.01,,20240107
162,0.01,,20240108
162,0.01,,20240109
162,0.01,,20240110
162,0.01,,20240111
162,0.01,,20240112
162,0.01,,20240114
326,0.01,,20240101
326,0.01,,20240102
326,0.01,,20240103
326,0.01,,20240104
326,0.01,,20240106
326,0.01,,20240107
326,0.01,,20240108
326,0.01,,20240109
326,0.01,,20240110
326,0.01,,20240111
326,0.01,,20240112
326,0.01,,20240113
326,0.01,,20240114
102,0.02,,20240101
102,0.03,,20240102
102,0.03,,20240103
102,0.02,,20240105
102,0.03,,20240107
102,0.03,,20240108
102,0.02,,20240111
102,0.03,,20240112
102,0.02,,20240113
102,0.02,,20240114
63,0.0,,20240102
63,0.0,,20240103
63,0.0,,20240104
63,0.0,,20240106
63,0.0,,20240108
63,0.0,,20240109
63,0.0,,20240110
63,0.01,,20240112
63,0.0,,20240113
63,0.0,,20240114
208,0.01,,20240101
208,0.01,,20240102
208,0.01,,20240103
208,0.01,,20240104
208,0.01,,20240105
208,0.01,,20240106
208,0.01,,20240107
208,0.01,,20240108
208,0.01,,20240109
208,0.01,,20240110
208,0.01,,20240111
208,0.01,,20240112
208,0.01,,20240113
208,0.01,,20240114
50,0.02,,20240102
50,0.02,,20240103
50,0.02,,20240104
50,0.02,,20240107
50,0.02,,20240108
50,0.02,,20240109
50,0.02,,20240110
50,0.02,,20240111
50,0.02,,20240112
50,0.02,,20240113
50,0.02,,20240114
288,0.02,,20240101
288,0.02,,20240102
288,0.02,,20240103
288,0.02,,20240104
288,0.02,,20240105
288,0.02,,20240106
288,0.02,,20240107
288,0.02,,20240108
288,0.02,,20240110
288,0.02,,20240112
288,0.02,,20240114
73,0.01,,20240101
73,0.01,,20240103
73,0.02,,20240104
73,0.01,,20240105
73,0.0,,20240106
73,0.01,,20240107
73,0.01,,20240108
73,0.01,,20240110
73,0.01,,20240111
73,0.01,,20240112
73,0.01,,20240114
292,0.01,,20240101
292,0.01,,20240102
292,0.01,,20240103
292,0.01,,20240104
292,0.01,,20240105
292,0.01,,20240106
292,0.01,,20240108
292,0.01,,20240111
292,0.01,,20240112
292,0.01,,20240113
292,0.01,,20240114
77,0.01,,20240102
77,0.01,,20240103
77,0.0,,20240104
77,0.01,,20240105
77,0.01,,20240107
77,0.01,,20240108
77,0.01,,20240109
77,0.01,,20240110
77,0.01,,20240111
77,0.01,,20240112
77,0.01,,20240113
77,0.01,,20240114
68,0.01,,20240101
68,0.01,,20240102
68,0.01,,20240103
68,0.01,,20240104
68,0.01,,20240105
68,0.01,,20240106
68,0.02,,20240107
68,0.02,,20240108
68,0.02,,20240109
68,0.02,,20240110
68,0.02,,20240111
68,0.01,,20240112
68,0.02,,20240114
23,0.0,,20240101
23,0.01,,20240102
23,0.01,,20240103
23,0.01,,20240104
23,0.01,,20240105
23,0.01,,20240107
23,0.0,,20240108
23,0.01,,20240110
23,0.0,,20240111
23,0.01,,20240112
23,0.01,,20240114
192,0.01,,20240101
192,0.01,,20240102
192,0.01,,20240103
192,0.01,,20240105
192,0.01,,20240106
192,0.01,,20240107
192,0.01,,20240108
192,0.01,,20240109
192,0.02,,20240110
192,0.01,,20240111
192,0.01,,20240113
192,0.01,,20240114
203,0.02,,20240101
203,0.03,,20240102
203,0.03,,20240104
203,0.03,,20240105
203,0.03,,20240106
203,0.02,,20240107
203,0.03,,20240108
203,0.02,,20240109
203,0.03,,20240110
203,0.02,,20240111
203,0.03,,20240112
203,0.02,,20240113
203,0.03,,20240114
109,0.04,,20240101
109,0.02,,20240102
109,0.02,,20240103
109,0.03,,20240104
109,0.02,,20240105
109,0.03,,20240106
109,0.03,,20240107
109,0.03,,20240108
109,0.02,,20240109
109,0.02,,20240110
109,0.01,,20240111
109,0.02,,20240112
109,0.02,,20240113
109,0.02,,20240114
350,0.01,,20240102
350,0.01,,20240103
350,0.01,,20240105
350,0.01,,20240106
350,0.0,,20240107
350,0.0,,20240109
350,0.0,,20240110
350,0.0,,20240111
350,0.01,,20240113
350,0.01,,20240114
17,0.01,,20240101
17,0.01,,20240102
17,0.01,,20240103
17,0.01,,20240104
17,0.01,,20240105
17,0.01,,20240106
17,0.01,,20240107
17,0.01,,20240108
17,0.01,,20240109
17,0.01,,20240110
17,0.01,,20240111
17,0.01,,20240112
17,0.01,,20240113
17,0.01,,20240114
334,0.01,,20240101
334,0.01,,20240102
334,0.01,,20240103
334,0.01,,20240104
334,0.01,,20240105
334,0.01,,20240106
334,0.01,,20240107
334,0.01,,20240108
334,0.01,,20240109
334,0.01,,20240110
334,0.01,,20240111
334,0.01,,20240112
334,0.01,,20240114
366,0.01,,20240101
366,0.01,,20240102
366,0.01,,20240103
366,0.01,,20240104
366,0.01,,20240105
366,0.0,,20240106
366,0.01,,20240107
366,0.01,,20240108
366,0.01,,20240109
366,0.01,,20240110
366,0.01,,20240111
366,0.01,,20240112
366,0.01,,20240113
366,0.01,,20240114
372,0.03,,20240101
372,0.03,,20240102
372,0.02,,20240103
372,0.02,,20240104
372,0.02,,20240106
372,0.04,,20240107
372,0.02,,20240109
372,0.01,,20240110
372,0.02,,20240111
372,0.02,,20240112
372,0.02,,20240113
372,0.03,,20240114
400,0.01,,20240101
400,0.01,,20240102
400,0.01,,20240104
400,0.02,,20240105
400,0.01,,20240106
400,0.01,,20240107
400,0.02,,20240108
400,0.02,,20240109
400,0.01,,20240110
400,0.01,,20240111
400,0.01,,20240112
400,0.02,,20240114
328,0.01,,20240101
328,0.01,,20240102
328,0.01,,20240103
328,0.01,,20240104
328,0.01,,20240106
328,0.01,,20240107
328,0.01,,20240108
328,0.01,,20240109
328,0.01,,20240110
328,0.01,,20240112
328,0.01,,20240113
328,0.01,,20240114
349,0.01,,20240101
349,0.01,,20240102
349,0.01,,20240103
349,0.01,,20240104
349,0.01,,20240105
349,0.02,,20240106
349,0.01,,20240107
349,0.01,,20240108
349,0.01,,20240109
349,0.01,,20240110
349,0.01,,20240111
349,0.01,,20240112
349,0.01,,20240113
349,0.01,,20240114
358,0.02,,20240101
358,0.02,,20240102
358,0.02,,20240103
358,0.02,,20240105
358,0.02,,20240106
358,0.02,,20240107
358,0.02,,20240108
358,0.02,,20240109
358,0.02,,20240110
358,0.02,,20240111
358,0.02,,20240112
358,0.02,,20240113
358,0.02,,20240114
104,0.0,,20240101
104,0.0,,20240102
104,0.02,,20240103
104,0.0,,20240104
104,0.0,,20240105
104,0.02,,20240106
104,0.02,,20240107
104,0.0,,20240108
104,0.0,,20240109
104,0.01,,20240110
104,0.0,,20240111
104,0.01,,20240113
104,0.0,,20240114
281,0.01,,20240101
281,0.01,,20240102
281,0.02,,20240103
281,0.01,,20240104
281,0.01,,20240106
281,0.01,,20240107
281,0.01,,20240108
281,0.01,,20240110
281,0.02,,20240111
281,0.01,,20240112
281,0.02,,20240113
281,0.01,,20240114
376,0.0,,20240101
376,0.0,,20240102
376,0.0,,20240103
376,0.0,,20240104
376,0.0,,20240105
376,0.0,,20240106
376,0.0,,20240107
376,0.0,,20240108
376,0.0,,20240109
376,0.01,,20240111
376,0.0,,20240112
376,0.0,,20240113
376,0.01,,20240114
250,0.02,,20240101
250,0.0,,20240102
250,0.0,,20240103
250,0.0,,20240104
250,0.01,,20240106
250,0.03,,20240107
250,0.01,,20240108
250,0.01,,20240109
250,0.01,,20240111
250,0.02,,20240112
250,0.01,,20240113
250,0.01,,20240114
287,0.02,,20240101
287,0.02,,20240102
287,0.02,,20240103
287,0.02,,20240104
287,0.02,,20240105
287,0.02,,20240107
287,0.01,,20240108
287,0.01,,20240109
287,0.02,,20240110
287,0.02,,20240111
287,0.01,,20240113
287,0.01,,20240114
223,0.03,,20240101
223,0.02,,20240102
223,0.02,,20240103
223,0.02,,20240104
223,0.03,,20240105
223,0.02,,20240106
223,0.02,,20240107
223,0.02,,20240108
223,0.02,,20240109
223,0.02,,20240110
223,0.03,,20240111
223,0.02,,20240112
223,0.02,,20240113
223,0.02,,20240114
276,0.01,,20240101
276,0.01,,20240102
276,0.01,,20240103
276,0.01,,20240104
276,0.01,,20240105
276,0.01,,20240106
276,0.01,,20240107
276,0.01,,20240108
276,0.01,,20240109
276,0.01,,20240111
276,0.01,,20240112
276,0.01,,20240113
276,0.01,,20240114
307,0.0,,20240101
307,0.0,,20240102
307,0.0,,20240103
307,0.0,,20240104
307,0.0,,20240105
307,0.0,,20240106
307,0.01,,20240107
307,0.0,,20240108
307,0.01,,20240109
307,0.0,,20240110
307,0.0,,20240111
307,0.0,,20240113
307,0.0,,20240114
79,0.02,,20240101
79,0.01,,20240103
79,0.01,,20240104
79,0.01,,20240105
79,0.02,,20240106
79,0.01,,20240107
79,0.01,,20240108
79,0.01,,20240109
79,0.02,,20240110
79,0.01,,20240111
79,0.01,,20240112
79,0.02,,20240114
69,0.01,,20240101
69,0.01,,20240102
69,0.01,,20240103
69,0.01,,20240105
69,0.01,,20240106
69,0.01,,20240107
69,0.01,,20240108
69,0.01,,20240109
69,0.01,,20240110
69,0.01,,20240111
69,0.01,,20240112
69,0.01,,20240113
69,0.01,,20240114
266,0.0,,20240101
266,0.0,,20240102
266,0.02,,20240103
266,0.02,,20240104
266,0.0,,20240105
266,0.02,,20240106
266,0.0,,20240107
266,0.01,,20240108
266,0.0,,20240109
266,0.01,,20240110
266,0.01,,20240111
266,0.01,,20240112
266,0.0,,20240113
266,0.0,,20240114
247,0.01,,20240101
247,0.0,,20240103
247,0.01,,20240104
247,0.02,,20240105
247,0.0,,20240106
247,0.0,,20240107
247,0.01,,20240108
247,0.0,,20240109
247,0.0,,20240110
247,0.02,,20240111
247,0.0,,20240112
247,0.0,,20240113
247,0.01,,20240114
285,0.02,,20240101
285,0.02,,20240102
285,0.02,,20240103
285,0.01,,20240104
285,0.02,,20240105
285,0.01,,20240106
285,0.02,,20240107
285,0.01,,20240108
285,0.01,,20240109
285,0.02,,20240110
285,0.01,,20240111
285,0.02,,20240112
285,0.02,,20240113
285,0.02,,20240114
338,0.01,,20240102
338,0.01,,20240103
338,0.01,,20240104
338,0.02,,20240105
338,0.01,,20240106
338,0.02,,20240107
338,0.01,,20240108
338,0.02,,20240109
338,0.01,,20240110
338,0.01,,20240111
338,0.01,,20240112
338,0.01,,20240113
382,0.01,,20240101
382,0.0,,20240102
382,0.01,,20240103
382,0.01,,20240104
382,0.01,,20240105
382,0.01,,20240107
382,0.01,,20240108
382,0.01,,20240109
382,0.0,,20240110
382,0.01,,20240111
382,0.01,,20240112
382,0.0,,20240113
382,0.01,,20240114
28,0.01,,20240101
28,0.01,,20240102
28,0.01,,20240103
28,0.01,,20240104
28,0.01,,20240105
28,0.01,,20240107
28,0.01,,20240108
28,0.01,,20240109
28,0.01,,20240110
28,0.01,,20240111
28,0.01,,20240114
381,0.01,,20240101
381,0.0,,20240102
381,0.02,,20240103
381,0.01,,20240104
381,0.02,,20240105
381,0.01,,20240106
381,0.02,,20240107
381,0.02,,20240108
381,0.02,,20240109
381,0.01,,20240110
381,0.0,,20240111
381,0.01,,20240112
381,0.01,,20240113
381,0.01,,20240114
149,0.01,,20240101
149,0.01,,20240102
149,0.01,,20240103
149,0.0,,20240104
149,0.0,,20240105
149,0.0,,20240106
149,0.01,,20240109
149,0.01,,20240110
149,0.0,,20240111
149,0.01,,20240112
149,0.01,,20240114
277,0.01,,20240101
277,0.01,,20240102
277,0.01,,20240103
277,0.01,,20240104
277,0.01,,20240105
277,0.01,,20240107
277,0.01,,20240108
277,0.01,,20240109
277,0.01,,20240110
277,0.01,,20240113
277,0.01,,20240114
310,0.01,,20240101
310,0.01,,20240102
310,0.0,,20240104
310,0.01,,20240105
310,0.01,,20240107
310,0.01,,20240108
310,0.01,,20240109
310,0.0,,20240110
310,0.01,,20240111
310,0.01,,20240112
310,0.01,,20240113
310,0.0,,20240114
187,0.01,,20240101
187,0.01,,20240102
187,0.0,,20240103
187,0.01,,20240104
187,0.01,,20240105
187,0.01,,20240106
187,0.01,,20240107
187,0.01,,20240108
187,0.01,,20240109
187,0.01,,20240110
187,0.01,,20240111
187,0.01,,20240112
187,0.01,,20240113
187,0.01,,20240114
306,0.03,,20240101
306,0.03,,20240102
306,0.03,,20240103
306,0.03,,20240105
306,0.02,,20240106
306,0.02,,20240107
306,0.03,,20240108
306,0.03,,20240109
306,0.03,,20240110
306,0.03,,20240111
306,0.02,,20240112
306,0.03,,20240114
196,0.0,,20240101
196,0.01,,20240102
196,0.01,,20240103
196,0.01,,20240104
196,0.0,,20240105
196,0.01,,20240106
196,0.0,,20240107
196,0.0,,20240108
196,0.01,,20240109
196,0.01,,20240110
196,0.01,,20240111
196,0.01,,20240112
196,0.01,,20240113
196,0.01,,20240114
70,0.01,,20240101
70,0.01,,20240102
70,0.01,,20240103
70,0.01,,20240104
70,0.01,,20240105
70,0.01,,20240106
70,0.01,,20240107
70,0.01,,20240108
70,0.01,,20240109
70,0.01,,20240111
70,0.01,,20240112
70,0.01,,20240113
70,0.02,,20240114
397,0.0,,20240101
397,0.02,,20240102
397,0.02,,20240103
397,0.01,,20240104
397,0.01,,20240105
397,0.0,,20240106
397,0.0,,20240107
397,0.01,,20240108
397,0.01,,20240109
397,0.01,,20240110
397,0.0,,20240111
397,0.0,,20240112
397,0.02,,20240113
397,0.0,,20240114
238,0.01,,20240101
238,0.01,,20240102
238,0.01,,20240103
238,0.02,,20240104
238,0.02,,20240105
238,0.02,,20240106
238,0.01,,20240107
238,0.01,,20240108
238,0.02,,20240109
238,0.02,,20240110
238,0.02,,20240111
238,0.02,,20240112
238,0.01,,20240114
150,0.01,,20240101
150,0.01,,20240102
150,0.01,,20240103
150,0.02,,20240104
150,0.01,,20240105
150,0.01,,20240106
150,0.01,,20240107
150,0.01,,20240108
150,0.02,,20240109
150,0.02,,20240110
150,0.02,,20240111
150,0.02,,20240112
150,0.01,,20240113
150,0.02,,20240114
236,0.02,,20240103
236,0.02,,20240104
236,0.02,,20240105
236,0.02,,20240106
236,0.02,,20240107
236,0.01,,20240108
236,0.02,,20240110
236,0.02,,20240111
236,0.02,,20240112
236,0.01,,20240113
236,0.02,,20240114
353,0.03,,20240102
353,0.03,,20240105
353,0.03,,20240106
353,0.04,,20240107
353,0.03,,20240108
353,0.03,,20240109
353,0.03,,20240110
353,0.03,,20240111
353,0.03,,20240112
353,0.03,,20240113
353,0.03,,20240114
273,0.0,,20240101
273,0.0,,20240102
273,0.01,,20240103
273,0.01,,20240104
273,0.01,,20240105
273,0.0,,20240106
273,0.01,,20240107
273,0.01,,20240108
273,0.01,,20240109
273,0.01,,20240110
273,0.01,,20240111
273,0.01,,20240113
273,0.0,,20240114
87,0.0,,20240101
87,0.02,,20240102
87,0.02,,20240104
87,0.01,,20240105
87,0.01,,20240107
87,0.03,,20240108
87,0.03,,20240109
87,0.02,,20240110
87,0.03,,20240111
87,0.02,,20240112
87,0.01,,20240113
87,0.01,,20240114
279,0.0,,20240101
279,0.0,,20240103
279,0.0,,20240104
279,0.0,,20240105
279,0.0,,20240106
279,0.0,,20240109
279,0.0,,20240110
279,0.0,,20240111
279,0.0,,20240112
279,0.0,,20240114
293,0.01,,20240101
293,0.01,,20240102
293,0.0,,20240103
293,0.0,,20240104
293,0.0,,20240105
293,0.01,,20240106
293,0.03,,20240107
293,0.0,,20240108
293,0.0,,20240109
293,0.0,,20240110
293,0.01,,20240111
293,0.0,,20240112
293,0.0,,20240113
8,0.0,,20240102
8,0.0,,20240103
8,0.0,,20240104
8,0.0,,20240105
8,0.0,,20240106
8,0.0,,20240107
8,0.0,,20240108
8,0.0,,20240109
8,0.0,,20240110
8,0.0,,20240111
8,0.0,,20240112
8,0.0,,20240114
243,0.02,,20240101
243,0.02,,20240102
243,0.0,,20240103
243,0.0,,20240104
243,0.03,,20240105
243,0.04,,20240106
243,0.02,,20240107
243,0.02,,20240108
243,0.0,,20240109
243,0.01,,20240111
243,0.01,,20240112
243,0.01,,20240113
243,0.0,,20240114
55,0.03,,20240101
55,0.03,,20240102
55,0.03,,20240103
55,0.03,,20240104
55,0.02,,20240105
55,0.03,,20240107
55,0.03,,20240108
55,0.03,,20240109
55,0.03,,20240110
55,0.03,,20240111
55,0.03,,20240112
55,0.03,,20240113
55,0.03,,20240114
370,0.02,,20240101
370,0.02,,20240102
370,0.01,,20240103
370,0.01,,20240104
370,0.01,,20240105
370,0.01,,20240106
370,0.02,,20240107
370,0.02,,20240108
370,0.01,,20240109
370,0.02,,20240110
370,0.01,,20240111
370,0.01,,20240112
370,0.01,,20240113
370,0.01,,20240114
189,0.01,,20240101
189,0.01,,20240102
189,0.01,,20240103
189,0.01,,20240104
189,0.01,,20240106
189,0.02,,20240107
189,0.01,,20240108
189,0.01,,20240109
189,0.02,,20240111
189,0.01,,20240112
189,0.02,,20240113
189,0.01,,20240114
379,0.0,,20240101
379,0.0,,20240102
379,0.03,,20240103
379,0.01,,20240104
379,0.0,,20240105
379,0.0,,20240107
379,0.0,,20240109
379,0.0,,20240110
379,0.0,,20240111
379,0.0,,20240112
379,0.0,,20240113
379,0.0,,20240114
184,0.01,,20240101
184,0.0,,20240102
184,0.0,,20240103
184,0.02,,20240105
184,0.01,,20240106
184,0.0,,20240107
184,0.0,,20240109
184,0.0,,20240110
184,0.0,,20240111
184,0.01,,20240112
184,0.0,,20240113
184,0.0,,20240114
170,0.01,,20240101
170,0.01,,20240102
170,0.01,,20240103
170,0.01,,20240104
170,0.01,,20240105
170,0.01,,20240107
170,0.01,,20240108
170,0.01,,20240109
170,0.01,,20240110
170,0.01,,20240111
170,0.01,,20240112
170,0.01,,20240113
170,0.01,,20240114
244,0.03,,20240102
244,0.02,,20240103
244,0.03,,20240104
244,0.03,,20240105
244,0.02,,20240106
244,0.03,,20240107
244,0.03,,20240109
244,0.03,,20240110
244,0.03,,20240111
244,0.03,,20240112
244,0.03,,20240113
244,0.03,,20240114
98,0.01,,20240101
98,0.01,,20240103
98,0.01,,20240104
98,0.01,,20240105
98,0.01,,20240106
98,0.01,,20240107
98,0.01,,20240108
98,0.01,,20240109
98,0.01,,20240110
98,0.01,,20240111
98,0.01,,20240113
98,0.01,,20240114
240,0.02,,20240101
240,0.03,,20240102
240,0.02,,20240103
240,0.01,,20240104
240,0.01,,20240105
240,0.02,,20240106
240,0.0,,20240107
240,0.01,,20240108
240,0.02,,20240109
240,0.02,,20240110
240,0.02,,20240111
240,0.0,,20240112
240,0.0,,20240114
335,0.01,,20240101
335,0.01,,20240102
335,0.01,,20240103
335,0.01,,20240105
335,0.02,,20240107
335,0.02,,20240108
335,0.02,,20240109
335,0.02,,20240110
335,0.02,,20240111
335,0.02,,20240112
335,0.01,,20240113
335,0.01,,20240114
361,0.01,,20240104
361,0.01,,20240105
361,0.02,,20240106
361,0.03,,20240107
361,0.03,,20240108
361,0.01,,20240109
361,0.01,,20240110
361,0.02,,20240111
361,0.02,,20240112
361,0.02,,20240113
361,0.01,,20240114
148,0.01,,20240101
148,0.01,,20240102
148,0.01,,20240104
148,0.0,,20240105
148,0.01,,20240107
148,0.01,,20240108
148,0.01,,20240109
148,0.01,,20240110
148,0.01,,20240111
148,0.01,,20240113
148,0.01,,20240114
134,0.01,,20240101
134,0.01,,20240102
134,0.01,,20240103
134,0.01,,20240104
134,0.01,,20240105
134,0.01,,20240106
134,0.01,,20240108
134,0.01,,20240110
134,0.01,,20240111
134,0.01,,20240112
134,0.01,,20240113
134,0.01,,20240114
290,0.01,,20240101
290,0.01,,20240104
290,0.01,,20240105
290,0.01,,20240106
290,0.01,,20240108
290,0.01,,20240109
290,0.01,,20240110
290,0.01,,20240111
290,0.01,,20240114
271,0.0,,20240101
271,0.02,,20240102
271,0.01,,20240103
271,0.01,,20240104
271,0.01,,20240105
271,0.01,,20240106
271,0.01,,20240107
271,0.01,,20240108
271,0.02,,20240109
271,0.02,,20240110
271,0.01,,20240111
271,0.01,,20240112
271,0.01,,20240113
271,0.01,,20240114
274,0.02,,20240101
274,0.02,,20240102
274,0.03,,20240103
274,0.03,,20240104
274,0.02,,20240105
274,0.02,,20240106
274,0.02,,20240107
274,0.02,,20240110
274,0.03,,20240111
274,0.03,,20240112
274,0.03,,20240113
274,0.02,,20240114
242,0.02,,20240101
242,0.02,,20240102
242,0.02,,20240103
242,0.02,,20240104
242,0.02,,20240105
242,0.02,,20240106
242,0.02,,20240109
242,0.02,,20240110
242,0.02,,20240111
242,0.01,,20240112
242,0.02,,20240113
242,0.02,,20240114
270,0.02,,20240101
270,0.02,,20240102
270,0.01,,20240103
270,0.02,,20240104
270,0.01,,20240105
270,0.01,,20240106
270,0.01,,20240107
270,0.02,,20240108
270,0.01,,20240110
270,0.02,,20240111
270,0.01,,20240112
270,0.01,,20240113
270,0.01,,20240114
239,0.02,,20240101
239,0.01,,20240102
239,0.01,,20240103
239,0.02,,20240104
239,0.01,,20240106
239,0.01,,20240107
239,0.02,,20240108
239,0.02,,20240109
239,0.02,,20240110
239,0.02,,20240112
239,0.01,,20240113
239,0.01,,20240114
94,0.01,,20240101
94,0.01,,20240102
94,0.01,,20240103
94,0.01,,20240104
94,0.01,,20240105
94,0.01,,20240106
94,0.01,,20240107
94,0.01,,20240108
94,0.01,,20240111
94,0.01,,20240112
94,0.01,,20240114
172,0.0,,20240101
172,0.01,,20240102
172,0.01,,20240103
172,0.01,,20240105
172,0.0,,20240106
172,0.0,,20240107
172,0.0,,20240108
172,0.0,,20240109
172,0.01,,20240110
172,0.01,,20240111
172,0.01,,20240112
172,0.01,,20240113
172,0.0,,20240114
218,0.0,,20240101
218,0.0,,20240102
218,0.01,,20240103
218,0.0,,20240104
218,0.0,,20240105
218,0.0,,20240106
218,0.0,,20240107
218,0.0,,20240108
218,0.0,,20240109
218,0.0,,20240110
218,0.0,,20240111
218,0.0,,20240112
218,0.0,,20240113
218,0.0,,20240114
167,0.01,,20240101
167,0.02,,20240102
167,0.03,,20240103
167,0.02,,20240104
167,0.01,,20240105
167,0.01,,20240106
167,0.02,,20240107
167,0.02,,20240108
167,0.03,,20240109
167,0.03,,20240110
167,0.03,,20240111
167,0.02,,20240112
167,0.03,,20240113
167,0.02,,20240114
216,0.01,,20240101
216,0.01,,20240102
216,0.01,,20240104
216,0.01,,20240105
216,0.01,,20240106
216,0.01,,20240107
216,0.01,,20240108
216,0.01,,20240109
216,0.01,,20240110
216,0.01,,20240111
216,0.01,,20240112
216,0.01,,20240113
216,0.01,,20240114
272,0.01,,20240101
272,0.01,,20240102
272,0.01,,20240103
272,0.01,,20240104
272,0.0,,20240106
272,0.01,,20240107
272,0.01,,20240108
272,0.0,,20240110
272,0.0,,20240111
272,0.0,,20240112
272,0.0,,20240113
272,0.0,,20240114
225,0.02,,20240101
225,0.02,,20240102
225,0.02,,20240104
225,0.01,,20240106
225,0.01,,20240107
225,0.02,,20240108
225,0.01,,20240110
225,0.01,,20240111
225,0.01,,20240112
225,0.02,,20240113
225,0.01,,20240114
254,0.02,,20240102
254,0.02,,20240103
254,0.02,,20240104
254,0.02,,20240105
254,0.02,,20240106
254,0.02,,20240107
254,0.02,,20240109
254,0.02,,20240110
254,0.02,,20240111
254,0.02,,20240112
254,0.02,,20240113
254,0.02,,20240114
234,0.01,,20240102
234,0.0,,20240103
234,0.0,,20240104
234,0.0,,20240105
234,0.01,,20240107
234,0.01,,20240108
234,0.01,,20240109
234,0.0,,20240110
234,0.0,,20240111
234,0.0,,20240112
234,0.0,,20240113
234,0.01,,20240114
116,0.01,,20240101
116,0.01,,20240102
116,0.02,,20240105
116,0.0,,20240106
116,0.01,,20240107
116,0.01,,20240108
116,0.01,,20240109
116,0.01,,20240110
116,0.01,,20240111
116,0.01,,20240112
116,0.01,,20240113
116,0.01,,20240114
80,0.01,,20240101
80,0.01,,20240102
80,0.01,,20240103
80,0.01,,20240104
80,0.01,,20240105
80,0.01,,20240106
80,0.01,,20240107
80,0.01,,20240108
80,0.01,,20240109
80,0.01,,20240110
80,0.01,,20240111
80,0.01,,20240112
56,0.01,,20240101
56,0.01,,20240102
56,0.01,,20240103
56,0.01,,20240104
56,0.01,,20240105
56,0.01,,20240106
56,0.01,,20240107
56,0.01,,20240108
56,0.01,,20240109
56,0.01,,20240110
56,0.01,,20240111
56,0.01,,20240112
56,0.01,,20240113
56,0.01,,20240114
199,0.0,,20240101
199,0.01,,20240102
199,0.0,,20240103
199,0.0,,20240104
199,0.0,,20240105
199,0.0,,20240106
199,0.0,,20240107
199,0.0,,20240108
199,0.0,,20240109
199,0.0,,20240110
199,0.0,,20240111
199,0.01,,20240112
199,0.0,,20240113
199,0.01,,20240114
119,0.01,,20240101
119,0.01,,20240102
119,0.01,,20240103
119,0.01,,20240104
119,0.01,,20240105
119,0.01,,20240106
119,0.01,,20240107
119,0.01,,20240108
119,0.01,,20240109
119,0.01,,20240111
119,0.01,,20240112
119,0.01,,20240113
119,0.01,,20240114
18,0.01,,20240101
18,0.01,,20240102
18,0.02,,20240103
18,0.02,,20240104
18,0.01,,20240105
18,0.02,,20240106
18,0.02,,20240107
18,0.01,,20240108
18,0.02,,20240109
18,0.02,,20240110
18,0.02,,20240111
18,0.02,,20240113
18,0.02,,20240114
340,0.02,,20240101
340,0.02,,20240102
340,0.02,,20240103
340,0.02,,20240104
340,0.02,,20240105
340,0.03,,20240106
340,0.02,,20240107
340,0.02,,20240108
340,0.02,,20240109
340,0.02,,20240110
340,0.03,,20240111
340,0.03,,20240112
340,0.02,,20240113
340,0.02,,20240114
151,0.03,,20240101
151,0.02,,20240102
151,0.02,,20240103
151,0.03,,20240104
151,0.02,,20240105
151,0.02,,20240106
151,0.03,,20240107
151,0.02,,20240108
151,0.02,,20240109
151,0.02,,20240110
151,0.02,,20240111
151,0.02,,20240113
151,0.02,,20240114
84,0.04,,20240101
84,0.02,,20240103
84,0.01,,20240104
84,0.03,,20240105
84,0.03,,20240106
84,0.02,,20240107
84,0.03,,20240108
84,0.0,,20240109
84,0.01,,20240110
84,0.02,,20240111
84,0.03,,20240112
84,0.01,,20240114
200,0.01,,20240101
200,0.01,,20240102
200,0.01,,20240103
200,0.01,,20240104
200,0.01,,20240105
200,0.01,,20240106
200,0.01,,20240107
200,0.01,,20240108
200,0.01,,20240109
200,0.01,,20240110
200,0.01,,20240111
200,0.01,,20240112
200,0.01,,20240113
343,0.02,,20240101
343,0.0,,20240102
343,0.0,,20240103
343,0.01,,20240104
343,0.01,,20240105
343,0.02,,20240106
343,0.0,,20240107
343,0.02,,20240109
343,0.01,,20240110
343,0.0,,20240111
343,0.0,,20240112
343,0.0,,20240113
343,0.01,,20240114
51,0.02,,20240101
51,0.02,,20240102
51,0.02,,20240103
51,0.02,,20240104
51,0.02,,20240106
51,0.02,,20240107
51,0.02,,20240108
51,0.02,,20240109
51,0.02,,20240110
51,0.02,,20240111
51,0.02,,20240112
51,0.02,,20240113
51,0.02,,20240114
183,0.01,,20240101
183,0.01,,20240102
183,0.01,,20240103
183,0.01,,20240104
183,0.01,,20240106
183,0.01,,20240107
183,0.01,,20240109
183,0.0,,20240110
183,0.01,,20240112
183,0.01,,20240113
183,0.01,,20240114
251,0.03,,20240101
251,0.02,,20240102
251,0.01,,20240103
251,0.01,,20240104
251,0.03,,20240106
251,0.02,,20240107
251,0.01,,20240108
251,0.01,,20240109
251,0.01,,20240110
251,0.02,,20240111
251,0.01,,20240112
251,0.01,,20240113
251,0.0,,20240114
108,0.02,,20240101
108,0.02,,20240103
108,0.03,,20240104
108,0.02,,20240105
108,0.02,,20240106
108,0.02,,20240108
108,0.02,,20240109
108,0.03,,20240110
108,0.02,,20240111
108,0.02,,20240112
108,0.02,,20240114
83,0.01,,20240101
83,0.01,,20240102
83,0.01,,20240103
83,0.01,,20240104
83,0.01,,20240105
83,0.01,,20240106
83,0.01,,20240107
83,0.01,,20240108
83,0.01,,20240109
83,0.01,,20240110
83,0.01,,20240111
83,0.0,,20240112
83,0.01,,20240113
83,0.01,,20240114
19,0.02,,20240101
19,0.02,,20240102
19,0.02,,20240103
19,0.03,,20240104
19,0.03,,20240105
19,0.02,,20240106
19,0.02,,20240108
19,0.02,,20240109
19,0.03,,20240110
19,0.02,,20240111
19,0.02,,20240112
19,0.02,,20240113
19,0.03,,20240114
386,0.01,,20240101
386,0.01,,20240102
386,0.01,,20240103
386,0.01,,20240104
386,0.01,,20240105
386,0.01,,20240106
386,0.01,,20240107
386,0.01,,20240109
386,0.0,,20240110
386,0.01,,20240111
386,0.01,,20240113
386,0.01,,20240114
176,0.01,,20240101
176,0.01,,20240102
176,0.01,,20240103
176,0.02,,20240104
176,0.01,,20240105
176,0.0,,20240106
176,0.01,,20240107
176,0.01,,20240108
176,0.01,,20240109
176,0.01,,20240110
176,0.01,,20240111
176,0.01,,20240112
176,0.01,,20240113
176,0.01,,20240114
186,0.0,,20240101
186,0.0,,20240102
186,0.01,,20240103
186,0.0,,20240104
186,0.0,,20240105
186,0.01,,20240106
186,0.0,,20240107
186,0.0,,20240108
186,0.0,,20240110
186,0.01,,20240111
186,0.0,,20240112
186,0.0,,20240113
186,0.01,,20240114
337,0.01,,20240101
337,0.01,,20240102
337,0.01,,20240103
337,0.01,,20240104
337,0.01,,20240105
337,0.01,,20240106
337,0.01,,20240107
337,0.01,,20240108
337,0.01,,20240109
337,0.01,,20240110
337,0.01,,20240111
337,0.01,,20240112
337,0.01,,20240113
337,0.01,,20240114
300,0.01,,20240101
300,0.01,,20240102
300,0.02,,20240103
300,0.02,,20240104
300,0.01,,20240105
300,0.02,,20240106
300,0.02,,20240107
300,0.01,,20240108
300,0.01,,20240109
300,0.02,,20240110
300,0.02,,20240111
300,0.02,,20240112
300,0.01,,20240113
300,0.02,,20240114
347,0.01,,20240101
347,0.01,,20240102
347,0.01,,20240103
347,0.01,,20240104
347,0.01,,20240105
347,0.01,,20240106
347,0.01,,20240107
347,0.01,,20240109
347,0.01,,20240110
347,0.01,,20240111
347,0.01,,20240112
347,0.01,,20240113
377,0.02,,20240101
377,0.03,,20240102
377,0.03,,20240103
377,0.01,,20240104
377,0.03,,20240105
377,0.01,,20240106
377,0.02,,20240108
377,0.02,,20240109
377,0.03,,20240110
377,0.03,,20240111
377,0.03,,20240112
377,0.01,,20240113
377,0.01,,20240114
71,0.01,,20240101
71,0.01,,20240102
71,0.01,,20240104
71,0.01,,20240105
71,0.01,,20240106
71,0.01,,20240107
71,0.01,,20240108
71,0.01,,20240109
71,0.01,,20240110
71,0.01,,20240111
71,0.01,,20240113
71,0.01,,20240114
